{"count":1,"self":1932.8854016,"total":2294.1912721999997,"children":{"InitializeActuators":{"count":1,"self":0.0044398,"total":0.0044398,"children":null},"InitializeSensors":{"count":1,"self":0.0025337,"total":0.0025337,"children":null},"AgentSendState":{"count":196517,"self":1.0363103999999999,"total":26.3171319,"children":{"CollectObservations":{"count":39304,"self":0.1331216,"total":0.1331216,"children":null},"WriteActionMask":{"count":39304,"self":0.0716634,"total":0.0716634,"children":null},"RequestDecision":{"count":39304,"self":0.4237342,"total":25.076036499999997,"children":{"AgentInfo.ToProto":{"count":39304,"self":0.54204869999999994,"total":24.6523023,"children":{"GenerateSensorData":{"count":39304,"self":24.110252799999998,"total":24.1102536,"children":null}}}}}}},"DecideAction":{"count":196517,"self":334.27118079999997,"total":334.2711769,"children":null},"AgentAct":{"count":196517,"self":0.60248839999999992,"total":0.60248839999999992,"children":null},"AgentInfo.ToProto":{"count":196,"self":0.0026977,"total":0.1069446,"children":{"GenerateSensorData":{"count":196,"self":0.10424689999999999,"total":0.10424689999999999,"children":null}}}},"gauges":{"My Behavior.CumulativeReward":{"count":196,"max":-0.9999907,"min":-0.9999907,"runningAverage":-0.9999907,"value":-0.9999907,"weightedAverage":-0.9999907}},"metadata":{"timer_format_version":"0.1.0","start_time_seconds":"1778349798","unity_version":"6000.3.10f1","command_line_arguments":"C:\\Program Files\\Unity\\Hub\\Editor\\6000.3.10f1\\Editor\\Unity.exe -projectpath D:\\Licenta\\PermitProject -acceptSoftwareTermsForThisRunOnly -useHub -hubIPC -cloudEnvironment production -licensingIpc LicenseClient-Lenovo -hubSessionId 2d3d227d-489b-47b8-8b13-960e2d4b2e9d -accessToken KZLRHIEDKvjia1eTgr7G07IL6lSFCU448FD9oG2B1us007f","communication_protocol_version":"1.5.0","com.unity.ml-agents_version":"2.0.2","scene_name":"SniperTraining","end_time_seconds":"1778352092"}}